{"cameraMode":{"drawMode":0,"name":"Shaded","section":"Shading Mode"},"sceneLighting":true,"audioPlay":false,"sceneViewState":{"showFog":true,"showMaterialUpdate":true,"showSkybox":true,"showFlares":true,"showImageEffects":true,"showParticleSystems":true},"in2DMode":false,"pivot":{"x":0.6642811298370361,"y":-1.6674175262451172,"z":-9.05177116394043},"rotation":{"x":0.017715658992528917,"y":0.9539722800254822,"z":-0.29385730624198916,"w":0.05760235711932182},"size":5.710054874420166,"orthographic":false}