{"cameraMode":{"drawMode":0,"name":"Shaded","section":"Shading Mode"},"sceneLighting":false,"audioPlay":false,"sceneViewState":{"showFog":true,"showMaterialUpdate":false,"showSkybox":false,"showFlares":true,"showImageEffects":true,"showParticleSystems":true},"in2DMode":false,"pivot":{"x":0.0,"y":0.7999998927116394,"z":0.06999959796667099},"rotation":{"x":-0.08701237291097641,"y":0.8833959698677063,"z":-0.1816587597131729,"w":-0.42313817143440249},"size":1.745680332183838,"orthographic":false}